{
  "train": {
    "baseline": {
      "trades": 922,
      "net": 156.97382746652983,
      "pf": 1.095860347211227,
      "win_rate": 13.232104121475054
    },
    "hour_excl": {
      "trades": 756,
      "net": 256.49895780941483,
      "pf": 1.1899976739399172,
      "win_rate": 14.417989417989418
    },
    "stoch_extreme": {
      "trades": 416,
      "net": 437.8399200629634,
      "pf": 1.7986572110114059,
      "win_rate": 17.548076923076923
    },
    "combined": {
      "trades": 344,
      "net": 403.6140075013648,
      "pf": 1.8601147645494136,
      "win_rate": 18.8953488372093
    }
  },
  "test": {
    "baseline": {
      "trades": 439,
      "net": 963.6400804027314,
      "pf": 1.6135802980772376,
      "win_rate": 14.123006833712983
    },
    "hour_excl": {
      "trades": 361,
      "net": 1156.4212253437358,
      "pf": 1.8903912259035762,
      "win_rate": 16.066481994459835
    },
    "stoch_extreme": {
      "trades": 227,
      "net": 1321.7812802524084,
      "pf": 3.4074902326786853,
      "win_rate": 20.704845814977972
    },
    "combined": {
      "trades": 185,
      "net": 1359.1283991912408,
      "pf": 4.052975227911756,
      "win_rate": 23.783783783783782
    }
  }
}